Rio Grande do Sul | Todos os Munic&iacute;pios
Munic&iacute;pio [-],C&oacute;digo [-],Gent&iacute;lico [-],Prefeito [2025],&Aacute;rea Territorial - km&sup2; [2024],Popula&ccedil;&atilde;o no &uacute;ltimo censo - pessoas [2022],Densidade demogr&aacute;fica - hab/km&sup2; [2022],Popula&ccedil;&atilde;o estimada - pessoas [2025],Escolariza&ccedil;&atilde;o &lt;span&gt;6 a 14 anos&lt;/span&gt; - % [2022],IDHM &lt;span&gt;&Iacute;ndice de desenvolvimento humano municipal&lt;/span&gt; [2010],Mortalidade infantil - &oacute;bitos por mil nascidos vivos [2023],Total de receitas brutas realizadas - R$ [2024],Total de despesas brutas empenhadas - R$ [2024],PIB per capita - R$ [2023],
Acegu&aacute;,4300034,aceguaense,MARCUS VIN&Iacute;CIUS GODOY DE AGUIAR,1551.339,4170,2.69,4251,98.8,0.687,-,63851994.01,62880088.59,91688.37,
&Aacute;gua Santa,4300059,&aacute;gua-santense,JULIANO FAVRETTO,291.526,3912,13.42,4003,99.18,0.750,27.03,50926977.45,44324927.58,107039.28,
Agudo,4300109,agudense,LUIS HENRIQUE KITTEL,534.624,16041,30.00,16341,100,0.694,5.46,131867321.18,115724193,48634.87,
Ajuricaba,4300208,ajuricabense,PAULO CLAUDIO DOLOVITSCH,322.674,6720,20.83,6843,100,0.753,20,60979476.21,56485970.78,57072.14,
Alecrim,4300307,alecrinense,NEUSA LEDUR KUHN,316.394,6123,19.35,6219,99.26,0.672,-,42521184.14,40237261.46,25105.18,
Alegrete,4300406,alegretense,JESSE TRINDADE DOS SANTOS,7800.552,72409,9.28,74285,99.6,0.740,6.63,405027646.94,403989343.08,42840.36,
Alegria,4300455,alegriense,FABIO LUCIANO SCHAKOFSKI,172.794,3651,21.13,3705,100,0.695,-,39347441.32,34090522.91,37277.28,
Almirante Tamandar&eacute; do Sul,4300471,tamandarense,DILSE JOSEFINA KLEIN BICIGO,265.042,1969,7.43,2007,98.86,0.740,-,35999932.54,31299236.76,113340.27,
Alpestre,4300505,alpestrense,RUDIMAR ARGENTON,325.979,7117,21.83,7235,100,0.671,-,87214531.43,89278250.16,42555.77,
Alto Alegre,4300554,alto-alegrense,SILMAR DEMAMAN,115.335,1800,15.61,1837,100,0.747,-,35568816.65,28699353.77,40245.45,
Alto Feliz,4300570,alto-felizense,ROBES SCHNEIDER,78.170,3072,39.30,3145,100,0.734,-,46707604.66,39353188.43,66136.53,
Alvorada,4300604,alvoradense,DOUGLAS MARTELLO DE SOUZA SILVEIRA,71.702,187315,2612.48,194062,96.69,0.699,10.79,778377063.31,683859529.48,22048.07,
Amaral Ferrador,4300638,amaralense,RONIVAN FONTOURA BRAGA,506.109,5310,10.49,5384,98.94,0.624,-,39737144.24,34753233.03,32778.62,
Ametista do Sul,4300646,ametistense,GILMAR DA SILVA,93.605,7650,81.64,7826,99.32,0.682,-,61183180.36,54343191.41,26598.47,
Andr&eacute; da Rocha,4300661,andr&eacute;-rochense,FELIPE EDUARDO SEMINOTI JACQUES,331.208,1135,3.43,1156,100,0.720,62.5,30913505.43,28023091.8,98690.21,
Anta Gorda,4300703,anta-gordense,FRANCISCO DAVID FRIGHETTO,242.100,5957,24.61,6080,100,0.740,-,57564732.42,52342558.45,55943.84,
Ant&ocirc;nio Prado,4300802,pradense,ROBERTO JOS&Eacute; DALLE MOLLE,347.541,13045,37.54,13332,99.12,0.758,26.49,106682044.51,89102382.13,71018.99,
Arambar&eacute;,4300851,arambarense,IAGO DOS SANTOS KIELERMANN,518.193,4112,7.94,4215,99.29,0.691,-,53133970.7,47656072.74,56804.85,
Araric&aacute;,4300877,arariquense,OSEAS GARCIA,35.195,8525,240.88,8831,99.32,0.679,28.3,66963182.87,70632604.9,37883.33,
Aratiba,4300901,aratibense,GELSON TARC&Iacute;SIO CARBONERA,342.279,6483,18.94,6618,96.96,0.772,-,116819026.21,96650306.57,182819.23,
Arroio do Meio,4301008,arroio-meense,SIDNEI ECKERT,157.088,21958,139.78,22523,99.34,0.769,13.65,193099219.3,181484862.18,88493.4,
Arroio do Sal,4301057,arroiossalense,LUCIANO PINTO DA SILVA,119.160,11057,92.79,11418,100,0.740,-,125641853.18,124093425.88,31987.59,
Arroio do Padre,4301073,arroio-padrense,JULIANO HOBUSS BUCHWEITZ,124.693,2599,20.84,2650,98.56,0.669,-,33330999.6,28526647.18,37149.25,
Arroio dos Ratos,4301107,ratense,DARCI RENATO FEITEN,425.791,14601,34.29,14934,99.18,0.698,21.74,85807765.56,90655977.16,27736.77,
Arroio do Tigre,4301206,arroio-tigrense,VANDERLEI HERMES,315.132,12058,38.26,12291,99.29,0.707,20.83,78824906.12,65555082.3,39205.45,
Arroio Grande,4301305,arroio-grandense,PL&Iacute;NIO VIZEU PEREIRA NETO,2508.557,17558,7.00,17879,99.47,0.657,15.63,136678841.3,125840985.32,54989.64,
Arvorezinha,4301404,arvorezinhense,CLOVIS PROVENSI ROMAN,269.310,10322,38.33,10547,98.98,0.694,25.42,70087576.91,64808466.09,39202.88,
Augusto Pestana,4301503,augusto-pestanense,SERGIO LUIS NEUBERGER,348.219,7149,20.53,7303,100,0.743,14.49,59544526.36,54624969.75,49054,
&Aacute;urea,4301552,aureense,GILMAR CARLOS MUSTEFAGA,156.727,3396,21.67,3458,100,0.707,-,39280819.5,33573894.38,52342.65,
Bag&eacute;,4301602,bageense,LUIZ FERNANDO MAINARDI,4090.360,117938,28.83,121928,99.35,0.740,16.65,629182125.62,711846245.68,37432.95,
Balne&aacute;rio Pinhal,4301636,balne&aacute;rio-pinhalense,LUIZ CEZAR DANELLI FURINI,102.387,14955,146.06,15413,98.96,0.696,15.63,107632140.96,97448613.54,22276.77,
Bar&atilde;o,4301651,baronense,JEFFERSON SCHUSTER BORN,122.567,6461,51.79,6496,99.54,0.748,44.12,61801067.41,52371883.33,71646.97,
Bar&atilde;o de Cotegipe,4301701,cotegipense,FRANCIEL TIAGO IZYCKI,260.505,7144,27.42,7320,100,0.719,13.89,50989021.64,47740162.95,45460.37,
Bar&atilde;o do Triunfo,4301750,baronense,ODONE KLOPPEMBURG,436.101,5889,13.50,5972,99,0.610,-,42547643.97,33681836.39,24188.7,
Barrac&atilde;o,4301800,barraconense,LUIZ CARLOS DA SILVA,515.469,4831,9.37,4915,98.9,0.710,37.74,47465342.76,43406778.86,62102,
Barra do Guarita,4301859,guaritense,VALCIER BALESTRIN,62.801,3161,50.33,3231,99.25,0.734,23.26,38194191.83,33528192.97,19953.25,
Barra do Quara&iacute;,4301875,barrense,MAHER JABER MAHMUD,1055.937,4241,4.02,4340,99.37,0.662,-,46333977.59,33363773.39,78422.54,
Barra do Ribeiro,4301909,barrense,JO&Atilde;O FRANCISCO SILVA FEIJO,729.316,12225,16.76,12473,98.89,0.670,-,78383894.38,72019000.82,47529.99,
Barra do Rio Azul,4301925,barrazulense,ANDERSON FERNANDO BAGATINI,146.995,1696,11.54,1721,100,0.723,-,54810519.34,44744066.71,46327.23,
Barra Funda,4301958,barra-fundense,ANDRE SIGNOR,60.437,2498,41.33,2557,100,0.763,-,40439611.06,33458499.63,67006.24,
Barros Cassal,4302006,barros-cassalense,JOVIANO ZAGO,647.994,9296,14.35,9425,98.32,0.650,20.62,59562155.23,55950435.57,29526.03,
Benjamin Constant do Sul,4302055,benjaminense,NILTON JOSE VALENTINI,132.351,2082,15.73,2118,99.21,0.619,55.56,33060806.37,25983482.73,24008.87,
Bento Gon&ccedil;alves,4302105,bento-gon&ccedil;alvense,DIOGO SEGABINAZZI SIQUEIRA,272.287,123151,452.28,127977,98.58,0.778,10.83,765378325.01,787939117.28,73589.32,
Boa Vista das Miss&otilde;es,4302154,boa-vistense,RUDILBERTO SOARES LANDESFELDT,196.064,1933,9.86,1968,99.41,0.676,-,38903202.94,33541717.9,89601.64,
Boa Vista do Buric&aacute;,4302204,boa-vistense,JO&Atilde;O RUDINEI SEHNEM,109.541,6966,63.59,7129,99.49,0.762,11.63,62684296.62,52700228.2,50904.66,
Boa Vista do Cadeado,4302220,cadeadense,JOAO PAULO BELTRAO DOS SANTOS,701.221,2229,3.18,2269,100,0.703,-,45075881.14,37427575.58,121126.48,
Boa Vista do Incra,4302238,boa vistense do incra,GILMAR LAURINDO BELLINI,504.114,2271,4.50,2314,97.35,0.731,-,44542839.87,47084258.31,86745.26,
Boa Vista do Sul,4302253,boavistense,PATRICIA LUCIA BAGATINI,93.108,2779,29.44,2815,100,0.728,43.48,45093672.01,39136075.49,48546.88,
Bom Jesus,4302303,bom-jesuense,FREDERICO ARCARI BECKER,2622.837,11202,4.27,11429,93.89,0.666,-,90286743.12,76624126.82,52972.91,
Bom Princ&iacute;pio,4302352,bom-principiense,VASCO ALEXANDRE BRANDT,90.023,13142,148.23,13665,98.82,0.746,6.85,145877051.43,133814315.57,72364.87,
Bom Progresso,4302378,bom-progressense,NORIMAR LEOPOLDO SCHOSSLER,89.206,2096,23.50,2132,97.67,0.723,-,32366727.07,28972950.31,35111.31,
Bom Retiro do Sul,4302402,bom-retirense,CELSO PAZUCH,102.540,12294,119.89,12587,100,0.739,-,92535489.92,82121470.64,41461.26,
Boqueir&atilde;o do Le&atilde;o,4302451,l&eacute;o-boqueirense,PAULO JOEL FERREIRA,257.789,6247,23.49,6202,98.33,0.700,-,48823539.52,42502736.31,31882.12,
Bossoroca,4302501,bossoroquense,JOAO ALBERTO OURIQUE DO NASCIMENTO,1610.056,5890,3.66,5978,100,0.692,-,65090762.7,58935816.73,42538.23,
Bozano,4302584,bozanense,GEDERSON MORI,200.497,2151,10.73,2195,98.91,0.745,-,32960328.32,30623052.85,55520.54,
Braga,4302600,braguense,SADI ENRIQUE DELLA LIBERA,132.044,3268,24.75,3322,99.36,0.674,33.33,34862455.57,27713811.03,33487.97,
Brochier,4302659,brochiense,JOS&Eacute; HENRIQUE DAPPER,105.353,4966,47.14,5083,100,0.699,-,45723350.34,41423025.03,26634.21,
Buti&aacute;,4302709,butiaense,JEFFERSON SALATIEL DA SILVA VIEIRA,752.187,19084,25.37,19421,100,0.689,10.31,109882783.17,103140165.08,29714.98,
Ca&ccedil;apava do Sul,4302808,ca&ccedil;apavano,MARCELO CORDERO SPODE,3048.147,32515,10.67,33501,99.62,0.704,9.23,192810510.05,205211782.13,36161.85,
Cacequi,4302907,cacequiense,ANA PAULA MENDES MACHADO DELOLMO,2373.507,11157,4.70,11300,99.56,0.700,20.83,97235040.97,95552588.3,50804.25,
Cachoeira do Sul,4303004,cachoeirense,LEANDRO TITTELMAIER BALARDIN,3736.064,80070,21.43,82222,98.98,0.742,10.42,479500495.45,444449135.07,42103.62,
Cachoeirinha,4303103,cachoeirinhense,CRISTIAN WASEM ROSA,43.760,136258,3112.48,141503,98.28,0.757,6.76,867648765.64,735399902.51,57110.95,
Cacique Doble,4303202,caciquense,MARCIO CAPRINI,203.582,4603,22.56,4692,100,0.662,-,41122325.73,39356832.68,33461.31,
Caibat&eacute;,4303301,caibateense,DANIEL SEFFRIN HERTHER,261.280,4704,18.00,4795,100,0.719,20.83,44153629.25,43550120.74,38352.88,
Cai&ccedil;ara,4303400,cai&ccedil;arense,Z&Iacute;LIO ROGGIA,189.071,4836,25.57,4931,100,0.699,-,48868566.35,40839106.49,33063.37,
Camaqu&atilde;,4303509,camaquense,ABNER DOS SANTOS DILLMANN,1679.242,62200,37.02,63961,97.79,0.697,10.43,360786399.51,352426449.12,50718.28,
Camargo,4303558,camarguense,JEANICE DE FREITAS FERNANDES,138.069,2981,21.59,3060,100,0.736,-,44878450.52,38115527.22,205446,
Cambar&aacute; do Sul,4303608,cambaraense,SCHAMBERLAEN JOSE SILVESTRE,1181.811,6361,5.38,6490,98.91,0.697,-,64056869.96,57753414.08,43284.42,
Campestre da Serra,4303673,campestrense,TAIRO BALARDIN,538.487,3242,6.02,3311,100,0.706,-,39223443.98,31635768.91,73041.98,
Campina das Miss&otilde;es,4303707,campinense,CARLOS JUSTEN,224.792,5882,26.17,5999,99.07,0.738,-,46644466.21,45077344.62,34643.22,
Campinas do Sul,4303806,campinense,PAULO SERGIO BATTISTI,276.162,5284,19.13,5388,99.08,0.760,-,67923945.76,66655907.05,55805.19,
Campo Bom,4303905,campo-bonense,GIOVANI BATISTA FELTES,60.562,62886,1038.08,64719,98.33,0.745,8.77,497191244.89,497563592.61,72015.35,
Campo Novo,4304002,campo-novense,PEDRO DOS SANTOS,220.719,4975,22.54,5063,99.44,0.703,18.87,44691030.52,37592686.32,57749.2,
Campos Borges,4304101,campos-borgense,CLEONICE PASQUALOTTO DA PAIX&Atilde;O TOLEDO,226.202,3613,15.97,3695,98.51,0.708,-,44539393.82,38116028.97,29067.3,
Candel&aacute;ria,4304200,candelariense,NESTOR RUBEM ELLWANGER,944.735,28906,30.60,29775,99.66,0.674,14.88,196565266.21,179082949.28,42713.51,
C&acirc;ndido God&oacute;i,4304309,godoiense,GUERINO BACKES,247.047,6294,25.48,6419,98.48,0.728,-,56156400.6,51415920.6,59583.99,
Candiota,4304358,candiotense,LUIZ CARLOS FOLADOR,933.628,10710,11.47,11012,94.81,0.698,23.62,121247791.28,109040284.89,158672.67,
Canela,4304408,canelense,GILBERTO DA CONCEICAO CEZAR,253.002,48946,193.46,50715,98.57,0.748,10.51,339512774.48,316970040.44,40038.38,
Cangu&ccedil;u,4304507,cangu&ccedil;uense,ARION LUIZ BORGES BRAGA,3526.316,49680,14.09,50968,99.39,0.650,9.86,290878489.84,254719951.89,36745.73,
Canoas,4304606,canoense,AIRTON JOSE DE SOUZA,130.774,347657,2658.15,359840,97.17,0.750,7.3,2915841025.57,2873227271.3,83895.04,
Canudos do Vale,4304614,canudense do vale,MAICO JUAREZ BERGHAHN,82.943,1656,19.97,1686,100,0.713,-,38958340.19,29675797.37,40430.4,
Cap&atilde;o Bonito do Sul,4304622,cap&atilde;o bonitense,MARIZETE VARGAS PEREIRA RAUTA,526.850,1733,3.29,1769,98.93,0.637,-,39449555.04,33115909.43,128719.49,
Cap&atilde;o da Canoa,4304630,caponense,VALDOMIRO DE MATOS NOVASKI,98.383,63594,646.39,66234,96.65,0.743,5.88,558951488.46,486250848.27,40698.19,
Cap&atilde;o do Cip&oacute;,4304655,cipoense,ADAIR FRACARO CARDOSO,1007.796,3119,3.09,3187,100,0.672,-,52213224.73,43781055.68,70575.7,
Cap&atilde;o do Le&atilde;o,4304663,leonense,VILMAR MOTTA SCHMITT,783.196,26487,33.82,27416,97.61,0.637,10.1,137347636.51,122961687.76,32243.04,
Capivari do Sul,4304671,capivariense,MARCO ANTONIO MONTEIRO CARDOSO,412.889,3991,9.67,4080,99.31,0.766,22.22,46675353.72,39552246.66,100076.38,
Capela de Santana,4304689,capelense,OZIEL CARLEBE RANGEL,182.756,11159,61.06,11424,100,0.661,24.79,78141683.36,69434338.19,28313.22,
Capit&atilde;o,4304697,capitanense,M&Aacute;RCIO ANDR&Eacute; DA COSTA,73.967,2921,39.49,2994,98.53,0.746,-,45560341.33,36493286.13,30321.42,
Carazinho,4304705,carazinhense,JO&Atilde;O PEDRO ALBUQUERQUE DE AZEVEDO,666.694,61804,92.70,63670,98.79,0.766,16.13,433853816.26,419772565.4,60594.24,
Cara&aacute;,4304713,caraense,BOLIVAR ANTONIO DE SOUZA RABELO GOMES,294.606,7394,25.10,7555,98.54,0.652,-,55275089.95,52461247.88,21392.26,
Carlos Barbosa,4304804,barbosense,EVERSON KIRCH,230.061,30420,132.23,31585,99.39,0.796,2.79,259159574.01,244823544.37,125413.55,
Carlos Gomes,4304853,carlos-gomense,HERMES ANTONIO PARIS,83.196,1368,16.45,1384,100,0.739,-,27482811.04,25503213.07,45281.03,
Casca,4304903,casquense,JURANDI NERI PERIN,272.041,9465,34.79,9698,100,0.785,-,72428456.98,69823249.84,92546.14,
Caseiros,4304952,caseirense,JOELICE BORTOLANZA CANALI,235.649,3000,12.72,3064,98.77,0.703,-,44365958.88,36525236.75,59052.73,
Catu&iacute;pe,4305009,catuipano,PAULO ROBERTO DALLA CORTE,583.180,8674,14.87,8834,99.4,0.739,40,66153645.71,64334754.77,49000,
Caxias do Sul,4305108,caxiense,ADILO ANGELO DIDOMENICO,1652.320,463501,280.52,479599,98.28,0.782,6.91,3460321283.06,3353034691.05,81683.97,
Centen&aacute;rio,4305116,centenariense,GENOIR MARCOS FLOREK,134.780,2721,20.27,2777,100,0.701,-,35966268.57,30196387.64,45215.19,
Cerrito,4305124,cerritense,JOS&Eacute; FLAVIO VIEIRA DE VIEIRA,451.699,5808,12.86,5910,99.37,0.649,52.63,47766940.93,42603353.42,22583.64,
Cerro Branco,4305132,cerro-branquense,BRUNO LUCIANO RADTKE,158.025,3802,24.06,3859,100,0.661,-,46085929,40513623.45,27411.89,
Cerro Grande,4305157,cerro-grandense,ALVARO DECARLI,73.438,2379,32.39,2428,100,0.674,34.48,37775845.93,32521334.25,26035.36,
Cerro Grande do Sul,4305173,sul-cerro-grandense,VILMAR WOLFLE SCHWALM,324.908,9178,28.25,9333,99.16,0.660,-,64152710.01,60645428.01,27361.09,
Cerro Largo,4305207,cerro-larguense,PROT&Aacute;SIO PEDRO BUTZEN,176.742,13705,77.59,14014,100,0.764,13.42,98959440.42,97706729.69,58884.12,
Chapada,4305306,chapadense,GELSON MIGUEL SCHERER,684.247,9540,13.94,9751,99.51,0.757,-,84356394.84,73270011.2,63213.09,
Charqueadas,4305355,charqueadense,RICARDO MACHADO VARGAS,217.362,35012,161.08,36110,99.1,0.747,13.07,218110675.94,206701458.08,53050.97,
Charrua,4305371,charruense,GERSO JOS&Eacute; RONCAGLIO,198.748,2768,13.93,2800,98.67,0.620,41.67,34499269.56,32795286.14,45392.81,
Chiapetta,4305405,chiapetense,OSMAR KUHN,397.179,3913,9.85,3991,97.92,0.732,-,44687191.7,38549464.17,67903.94,
Chu&iacute;,4305439,chuiense,CARLOS HENRIQUE DA SILVA SEGOVIA,202.387,6262,30.94,6409,96.9,0.706,30.3,45914991.58,40342647.34,83417.38,
Chuvisca,4305447,chuvisquense,MARCIO SIDINEI KONFLANZ,220.471,4597,20.85,4682,99.43,0.616,-,38127667.45,29866294.55,35548.18,
Cidreira,4305454,cidreirense,GILBERTO DA COSTA SILVA,243.419,17071,70.13,17583,98.47,0.729,30.3,140770604.81,124002287.44,23836.71,
Cir&iacute;aco,4305504,ciriaquense,ODACIR BOAVENTURA MANHABOSCO DE MELLO,274.350,4149,15.12,4208,98.01,0.719,-,41671770.87,36661292.14,56256.81,
Colinas,4305587,colinense,MARCELO SCHROER,60.732,2423,39.90,2474,100,0.765,-,45837783.02,39602905.8,37308.24,
Colorado,4305603,coloradense,RODRIGO SARTORI,286.295,3258,11.38,3316,98.98,0.758,29.41,52768037.11,44559731.77,61073.45,
Condor,4305702,condorense,R&Ocirc;MULO TEIXEIRA CARVALHO,463.568,6406,13.82,6538,99.61,0.747,11.76,73661635.29,65379784.85,73461.12,
Constantina,4305801,constantinense,CRISTIAN RIBOLI BRATZ,203.614,10385,51.00,10631,97.76,0.754,8.13,78529671.6,71504707.37,45442.93,
Coqueiro Baixo,4305835,coqueirense,LUCIANO ANDRE ONGARATTO,112.638,1290,11.45,1308,100,0.692,-,35582196.37,31261464.83,43419.26,
Coqueiros do Sul,4305850,coqueirense,RAFAEL KOCHENBORGER,277.147,2211,7.98,2248,100,0.746,-,41423443.92,32977449.86,62995.49,
Coronel Barros,4305871,coronel-barrense,BR&Aacute;ULIO SCHERER,163.716,2822,17.24,2896,100,0.744,-,44971154.64,38675239.44,50693.68,
Coronel Bicaco,4305900,bicaquense,ARLEU VALADAR MACHADO,492.303,6144,12.48,6214,94.66,0.665,24.39,63028176.67,57849825.44,64631.38,
Coronel Pilar,4305934,coronel pilarense,IVAN BATISTA AGATTI,105.668,1607,15.21,1637,100,0.727,-,34309141.86,27398949.48,36187.34,
Cotipor&atilde;,4305959,cotiporanense,JOS&Eacute; CARLOS BREDA,173.207,3846,22.20,3926,100,0.741,25.64,52812359.78,46355126.83,53328.63,
Coxilha,4305975,coxilhense,JO&Atilde;O EDUARDO OLIVEIRA MANICA,422.101,2667,6.32,2718,92.01,0.706,-,50883783.09,39259216.65,130995.01,
Crissiumal,4306007,crissiumalense,MARCO AURELIO NEDEL,362.194,12886,35.58,13116,99.43,0.712,8.06,93142000.92,79505782.13,38853.05,
Cristal,4306056,cristalense,MARCELO LUIS KROLOW,679.742,7299,10.70,7455,98.76,0.644,-,62770021.91,54304102.43,41174.16,
Cristal do Sul,4306072,cristalense,ALEXANDRE COSTA,97.073,2692,27.73,2745,100,0.660,31.25,36087206.18,31274016.62,36696.5,
Cruz Alta,4306106,cruzaltense,PAULA RUBIN FACCO LIBRELOTTO,1360.548,58913,43.30,60454,99.49,0.750,14.82,383963757.29,322058332.12,74684.47,
Cruzaltense,4306130,cruzaltino,ANDR&Eacute; GAZZONI,166.883,1635,9.80,1650,100,0.719,-,39585299.3,42175434.47,64186.8,
Cruzeiro do Sul,4306205,cruzeirense,CESAR LEANDRO MARMITT,155.482,11600,74.81,12574,100,0.723,-,109950829.9,96734432.5,55774.4,
David Canabarro,4306304,canabarrense,LAURO ANTONIO BENEDETTI,174.172,4321,24.73,4400,100,0.762,27.03,39120853.14,34858518.27,47877.71,
Derrubadas,4306320,derrubadense,MIRO MULBEIER,360.851,2751,7.62,2793,100,0.707,37.04,38743723.37,35759627.14,42741.36,
Dezesseis de Novembro,4306353,dezesseis-novembrense,JOHNNI RAMAO LOMBALDO BOCACIO,216.341,2507,11.53,2540,100,0.654,-,32696435.74,28030329.82,20507.28,
Dilermando de Aguiar,4306379,dilermandense,JORGE ALBERTO PEREIRA SAIDELLES,600.518,2806,4.67,2856,99.19,0.648,-,43758370.24,39547158.48,72323.29,
Dois Irm&atilde;os,4306403,dois-irm&atilde;osense,JERRI ADRIANI MENEGHETTI,67.509,30709,464.49,31804,99.39,0.743,17.29,241045162.17,216738374.44,85952.76,
Dois Irm&atilde;os das Miss&otilde;es,4306429,dois-irm&atilde;ozense,MAURO PROC&Oacute;PIO FORTES DE QUADROS,226.072,2090,9.24,2132,100,0.670,-,36299716.61,33858530.72,60170.61,
Dois Lajeados,4306452,dois-lajeense,FABIANA GIACOMIN,133.535,3097,23.19,3156,100,0.757,31.25,43666977.15,42853004.23,53600.97,
Dom Feliciano,4306502,donfelicianense,TIAGO ANDRE SZORTYKA,1355.195,13051,9.63,13280,98.57,0.587,6.76,80389846.44,73633151.29,32041.92,
Dom Pedro de Alc&acirc;ntara,4306551,dom-pedro-alcantarense,ALEXANDRE MODEL EVALDT,78.216,2562,32.75,2617,100,0.691,-,37853358.89,33201375.98,32652.54,
Dom Pedrito,4306601,pedritense,DIEGO DA ROSA CRUZ,5194.051,36981,7.12,38080,98.72,0.708,17.14,265530930.41,230430863.36,61874.27,
Dona Francisca,4306700,francisquense,SAUL ANTONIO DAL FORNO RECK,114.149,3079,26.97,3133,99.22,0.697,37.04,36816411.84,32341185.97,36445.62,
Doutor Maur&iacute;cio Cardoso,4306734,mauriciense,LAURI JOS&Eacute; ELY,255.731,4470,17.48,4534,100,0.706,-,53086120.57,53330529.36,51066.23,
Doutor Ricardo,4306759,ricardense,ALVARO JOS&Eacute; GIACOBBO,107.960,1888,17.49,1924,100,0.724,-,34519191.71,30598503.56,47512.64,
Eldorado do Sul,4306767,eldoradense,JULIANA DIAS FAGUNDES CARVALHO,509.632,39559,77.63,41012,98.97,0.717,13.22,347988543.9,310834031.23,66318.44,
Encantado,4306809,encantadense,JONAS CALVI,140.006,22962,164.01,23520,98.65,0.767,8.1,207069898.58,193131396.65,61467.71,
Encruzilhada do Sul,4306908,encruzilhadense,BENITO FONSECA PASCHOAL,3347.861,23819,7.11,24275,96.54,0.657,26.72,182770132.81,168569024.89,49940.32,
Engenho Velho,4306924,engenho-velhense,PAULO ANDRE DAL ALBA,71.191,1296,18.20,1315,99.4,0.717,-,34375515.2,29435336.06,39157.58,
Entre-Iju&iacute;s,4306932,entre-ijuiense,BRASIL ANTONIO SARTORI,553.915,9158,16.56,9367,98.64,0.680,10.42,67168646.41,68087854.16,52263.67,
Entre Rios do Sul,4306957,entre-rio-sulense,IRSON MILANI,119.912,2685,22.39,2727,100,0.703,-,39440738.3,36162547.47,78104.77,
Erebango,4306973,erebanguense,VALMOR JOS&Eacute; TOMELERO,152.793,3054,19.99,3122,98.38,0.712,-,41449530.02,36117922.78,49785.84,
Erechim,4307005,erechinense,PAULO ALFREDO POLIS,429.164,105705,246.30,109609,99.71,0.776,9.29,615934175.84,529023433.29,80385.09,
Ernestina,4307054,ernestinense,ODIR JOAO BOEHM,238.558,3034,12.72,3097,100,0.716,-,40698437.68,36357100.38,53867.6,
Herval,4307104,hervalense,CELSO VIEIRA SILVEIRA,1759.717,6191,3.52,6302,99.44,0.687,-,55420104.64,52705063.4,32205.23,
Erval Grande,4307203,erval-grandense,SUZINEI SCHNEIDER,285.677,4930,17.26,5027,98.75,0.681,-,49461467.87,44827884.53,32793.44,
Erval Seco,4307302,erval-sequense,EDERSON WINK,357.181,6787,19.00,6892,93.4,0.685,-,50696714.71,44952583.71,44174.33,
Esmeralda,4307401,esmeraldense,AILTON DE S&Aacute; ROSA,829.587,3195,3.85,3264,100,0.680,24.39,44361233.73,38295939.46,113859.47,
Esperan&ccedil;a do Sul,4307450,esperan&ccedil;ulense,ADEMIR VILLERS DA CRUZ,148.909,3226,21.66,3293,100,0.661,-,38207135.01,31844769.09,31415.37,
Espumoso,4307500,espumosense,GERSON LOPES RODRIGUES MACHADO,783.642,15173,19.36,15478,98.56,0.765,5.38,115345027.95,110680533.69,56780.98,
Esta&ccedil;&atilde;o,4307559,estacionense,GEVERSON ZIMMERMANN,99.757,5582,55.96,5685,100,0.753,-,56930224.94,52142413.17,71277.75,
Est&acirc;ncia Velha,4307609,estanciense,DIEGO WILLIAN FRANCISCO,51.779,47924,925.55,49499,98.78,0.757,12.4,317252238.03,291194691.03,48184.54,
Esteio,4307708,esteiense,FELIPE COSTELLA,27.676,76137,2751.01,78144,99.4,0.754,1.24,569249992.05,503927358.41,52518.32,
Estrela,4307807,estrelense,CARINE ISABEL SCHWINGEL,185.032,32183,173.94,33263,98.17,0.767,7.65,321129825.63,294192571.29,73856.18,
Estrela Velha,4307815,estrelavelhense,ALEXANDER CASTILHOS,281.613,3070,10.90,3115,99.06,0.679,-,49509421.46,37611184.65,47325.31,
Eug&ecirc;nio de Castro,4307831,eugenio-castrense,JOSE FERNANDO DE LIMA MACHADO,417.821,2633,6.30,2683,99.13,0.712,-,40758248.15,38465787.92,85401.37,
Fagundes Varela,4307864,fagundense,NELTON CARLOS CONTE,134.295,2566,19.11,2620,100,0.763,-,42130767.35,34776397.85,73986.01,
Farroupilha,4307906,farroupilhense,JONAS TOMAZINI,361.341,70286,194.51,72552,98.78,0.777,8.15,556414482.58,528870510.7,70577.65,
Faxinal do Soturno,4308003,soturnense,LOUREN&Ccedil;O DOMINGOS MORO,169.514,6702,39.54,6846,100,0.720,-,55668646.07,51157881.65,44543.92,
Faxinalzinho,4308052,faxinalzinhense,JAMES AYRES TORRES,143.321,2520,17.58,2572,100,0.666,-,35468438.43,30621418.83,45095.25,
Fazenda Vilanova,4308078,vilanovense,AMARILDO LUIS DA SILVA,84.794,4291,50.60,4405,100,0.698,23.26,47394831.89,38276509.06,33970.06,
Feliz,4308102,felizense,CL&Oacute;VIS FREIBERGER JUNIOR,94.659,13764,145.14,13994,99.17,0.750,6.99,138894170.2,128642045.97,49155.83,
Flores da Cunha,4308201,florense,CESAR ULIAN,276.241,30892,111.83,32015,97.92,0.754,11.59,250852981.71,228556835.1,107998.43,
Floriano Peixoto,4308250,florianense,JAIR ANTONIO OSTROWSKI,168.521,1668,9.90,1690,100,0.663,-,31958135.57,26354414.48,46406.68,
Fontoura Xavier,4308300,fontourense,LUIZ ARMANDO TAFFAREL,583.239,9550,16.37,9710,100,0.661,-,71770682.2,64125860.54,27276.97,
Formigueiro,4308409,formigueirense,CRISTIANO CEZAR CASSOL RUBERT,578.875,6413,11.08,6527,99.48,0.682,-,50780419.54,45140577.57,41044.14,
Forquetinha,4308433,forquetinhense,VIANEI ANDRE NOLL,93.278,2393,25.66,2441,96.51,0.683,50,40008172.92,31336709.72,26958.94,
Fortaleza dos Valos,4308458,fortalezense,PAULO CEZAR MARANGON,650.512,4477,6.88,4569,100,0.756,-,64050353.81,54788086.08,73910.62,
Frederico Westphalen,4308508,westphalense,ORLANDO GIRARDI,264.876,32627,123.04,33726,99.33,0.760,16.2,197516561.97,173524969.19,54934.13,
Garibaldi,4308607,garibaldense,SERGIO CHESINI,168.492,34335,203.78,35563,98.81,0.786,7.63,308863529.55,306567857.26,103842.78,
Garruchos,4308656,garruchense,ROLAND SCHATZ,803.970,2688,3.34,2724,98.94,0.671,-,41156392.98,37143929.1,50126.26,
Gaurama,4308706,gauramense,ELIEZER VAGNER ZANATTA,204.428,5665,27.71,5779,100,0.738,20.83,46500808.02,39573891.76,61609.13,
General C&acirc;mara,4308805,camarense,MARCIO PEREIRA BRAND&Atilde;O,510.010,7612,14.93,7743,100,0.686,32.79,50535537.13,44103226.6,30748.5,
Gentil,4308854,gentilense,ADELAR JOS&Eacute; SILVESTRI,184.715,1744,9.44,1784,100,0.733,-,35140287.55,32962597.7,87302.71,
Get&uacute;lio Vargas,4308904,getuliense,PEDRO PAULO PREZZOTTO,287.466,16602,57.75,16955,99.31,0.746,5.78,113468355.98,103635401.26,53003.28,
Giru&aacute;,4309001,giruaense,DARI PAULO PRESTES TABORDA,855.560,16013,18.68,16273,99.88,0.721,12.27,135635399.73,136116112.52,63540.12,
Glorinha,4309050,glorinhense,CARLOS LEONARDO VARGAS CARVALHO,323.955,7658,23.64,7851,99.67,0.714,-,61471667.9,56502613.58,77744.69,
Gramado,4309100,gramadense,NESTOR TISSOT,239.341,40134,167.69,41705,98.72,0.764,9.17,510886100.27,519621435.94,88848.11,
Gramado dos Loureiros,4309126,loureirense,ARTUR CEREZA,131.396,2014,15.33,2047,93.92,0.685,-,34733560.02,28708181.3,43490.18,
Gramado Xavier,4309159,gramado-xavierense,JOSE MARCELO LAUFER,216.790,3304,15.19,3350,100,0.634,24.39,35696197.75,31989294.51,37603.56,
Gravata&iacute;,4309209,gravataiense,LUIZ ARIANO ZAFFALON,468.288,265074,566.05,275430,97.86,0.736,7.77,1368453262.94,1329472096.74,58646.11,
Guabiju,4309258,guabijuense,NERI ROSA DA SILVA,146.925,1417,9.64,1441,100,0.758,111.11,30883643.32,25752132.42,75994.12,
Gua&iacute;ba,4309308,guaibense,MARCELO SOARES REINALDO,377.664,92924,247.03,95946,97.84,0.730,8.8,726878584.04,654290154.01,96872.55,
Guapor&eacute;,4309407,guaporense,ODAIR ANDRE ROSSETTO,297.545,25268,84.92,26168,100,0.765,13.16,208080752.49,197610746.41,50045,
Guarani das Miss&otilde;es,4309506,guaraniense,LEANDRO INACIO WASTOWSKI,289.516,7415,25.51,7547,99.22,0.737,-,55987125.15,57109663.1,39884.41,
Harmonia,4309555,harmoniense,ERNANI JOS&Eacute; FORNECK,48.540,5378,110.76,5535,99.63,0.749,-,64758364.1,50563023.94,57073.42,
Herveiras,4309571,herveirense,NAZARIO RUBI KUENTZER,117.981,2565,21.69,2604,100,0.616,-,31284767.26,26902544.41,34492.77,
Horizontina,4309605,horizontinense,JONES JEHN DA CUNHA,229.694,18851,82.07,19252,99.42,0.783,20.41,237585131.37,198823522.25,96973.64,
Hulha Negra,4309654,hulha-negrense,FERNANDO CAMPANI,822.608,5976,7.26,6102,99.23,0.643,-,47611909.53,44426399.44,38296.52,
Humait&aacute;,4309704,humaitaense,LUIZ CARLOS SANDRI,135.010,4681,34.67,4772,99.49,0.738,-,53634512.07,48325159.13,46575.76,
Ibarama,4309753,ibaramense,VALMOR NERI MATTANA,195.426,3732,19.10,3787,99.4,0.652,30.3,40898664.75,32957509.74,28260.69,
Ibia&ccedil;&aacute;,4309803,ibia&ccedil;aense,JONES ROBERTO CECCHIN,348.778,4527,12.98,4617,99.21,0.739,-,50463699.61,45511256.45,65995.28,
Ibiraiaras,4309902,ibiraiarense,JOEL ISIDORO CRISTIANETTI,280.816,6776,23.19,6827,99.41,0.724,28.99,64270694.52,60167289.36,56109.7,
Ibirapuit&atilde;,4309951,ibirapuitanense,ROSEMAR HENTGES,307.164,3723,12.12,3789,99.43,0.638,73.17,40434174.95,39244145.69,50524.24,
Ibirub&aacute;,4310009,ibirubense,JAQUELINE BRIGNONI WINSCH,607.185,21583,35.55,22106,99.77,0.765,7.66,169291184.75,148960251.93,79138.28,
Igrejinha,4310108,igrejinhense,LEANDRO MARCIANO HORLLE,138.116,32808,237.22,34776,97.35,0.721,11.16,258365639.84,221647536.39,79713.31,
Iju&iacute;,4310207,ijuiense,ANDREI COSSETIN SCZMANSKI,688.982,84780,123.05,87848,99.4,0.781,2.85,673398181.8,709448477.18,72012.79,
Il&oacute;polis,4310306,ilopolitano,FERNANDO DAPONT,123.602,4157,33.63,4245,98.89,0.730,-,44578333.59,38576558.19,39668.12,
Imb&eacute;,4310330,Imbeense,LUIS HENRIQUE VEDOVATO,39.766,26824,674.55,28027,98.1,0.764,14.98,234532324.4,219514730.71,28439.7,
Imigrante,4310363,imigrantense,GERMANO STEVENS,71.718,3080,42.95,3149,100,0.743,-,61927284.4,50249767.81,191712.99,
Independ&ecirc;ncia,4310405,independenciense,EDUARDO MAAHS MARASCA,358.284,6427,17.94,6557,98.51,0.693,-,58748623.8,53952817.52,69022.26,
Inhacor&aacute;,4310413,inhacorense,EMERSON CAVALI DE VARGAS,113.749,2014,17.71,2047,99.23,0.673,-,33029059.35,28475093.9,37932.38,
Ip&ecirc;,4310439,ipeense,JOS&Eacute; M&Aacute;RIO GRAZZIOTIN,599.032,5399,9.01,5490,96.84,0.728,15.63,57093546.58,51820131.46,72776.89,
Ipiranga do Sul,4310462,ipiranguense,MARCO ANTONIO SANA,158.710,1720,10.84,1748,100,0.791,-,34697016.04,28159134.88,71148.58,
Ira&iacute;,4310504,iraiense,VOLMIR JOS&Eacute; BIELSKI,181.850,7482,41.21,7619,97.76,0.691,-,45620491.25,41198590.51,34186.77,
Itaara,4310538,itaarense,SANDRO ROBERTO GALAR&Ccedil;A FERIGOLLO,172.801,5572,32.25,5712,100,0.760,-,54302532.02,38744270.82,54588.39,
Itacurubi,4310553,itacurubiense,GELSO DOS SANTOS SOARES,1120.249,2995,2.67,3038,100,0.657,-,43931146.73,37528321.61,38177.55,
Itapuca,4310579,itapuquense,DELAVIR SCORSATTO,184.673,1937,10.49,1963,100,0.664,-,33168927.22,30347980.58,48467.2,
Itaqui,4310603,itaquiense,LEONARDO DICSON SANCHEZ BETIN,3405.999,35768,10.50,36811,99.49,0.713,2.49,241349204.05,224463257.19,57843.3,
Itati,4310652,itatiense,MADALENA TRISCH RAPACK,205.060,2638,12.86,2696,99.2,0.669,-,36763271.05,34814544.66,39227.64,
Itatiba do Sul,4310702,itatibense,VALDEMAR CIBULSKI,212.669,3208,15.08,3240,100,0.681,47.62,43208492.87,38752192.2,26531.49,
Ivor&aacute;,4310751,ivorense,JOSEMAR ZORZI OSMARI,122.930,1929,15.69,1962,100,0.724,-,33748009.78,26129612.73,27969.06,
Ivoti,4310801,ivotiense,VALDIR JOS&Eacute; LUDWIG,63.092,22983,364.28,23566,100,0.784,11.19,180280188.7,165807044.79,66957.25,
Jaboticaba,4310850,jaboticabense,EDVALDO ROSA RIBEIRO,127.589,3779,29.62,3847,98.6,0.658,23.81,34087634.55,31322856.3,28251.78,
Jacuizinho,4310876,jacuizinhense,DINIZ JOSE FERNANDES,339.399,2040,6.01,2066,100,0.662,-,41800114.86,32322950.84,61345.9,
Jacutinga,4310900,jacutinguense,ADEMIR MARCIO SAKREZENSKI,178.009,3338,18.75,3398,99.11,0.726,-,46510849.95,45837786.36,56527.61,
Jaguar&atilde;o,4311007,jaguarense,ROGERIO LEMOS CRUZ,2051.845,26603,12.97,27396,99.64,0.707,3.15,177692232.47,145370056.8,38897.93,
Jaguari,4311106,jaguariense,IGOR ROSA TAMBARA,675.108,10579,15.67,10771,98.18,0.712,13.16,73541191.94,69286924.04,31093.37,
Jaquirana,4311122,jaquiranense,MARIA ISABEL RAUBER TURELLA,908.879,3690,4.06,3751,98.44,0.614,-,54677064.33,54742820.52,27590.82,
Jari,4311130,jariense,OSNEI DOS SANTOS AZEREDO,853.080,3349,3.93,3412,100,0.631,-,43410691.74,33751719.45,63193.56,
J&oacute;ia,4311155,joiense,DIONEI DE MATOS LEWANDOWSKI,1238.709,7184,5.80,7294,99.42,0.686,9.17,76724160.25,72438949.72,48147.78,
J&uacute;lio de Castilhos,4311205,castilhense,BERNARDO QUATRIN DALLA CORTE,1929.544,18226,9.45,18545,99.76,0.716,9.95,150640526.65,133904268.86,71704.26,
Lagoa Bonita do Sul,4311239,lagobonitense,LUIZ FRANCISCO FAGUNDES,109.758,2251,20.51,2283,100,0.670,95.24,30327261.96,24205620.04,37416.33,
Lago&atilde;o,4311254,lagonense,NELIO FORNARI,387.453,5341,13.78,5421,97.14,0.643,18.52,44733199.68,43312584.95,28041.72,
Lagoa dos Tr&ecirc;s Cantos,4311270,tr&ecirc;s-cantense,SERGIO ANTONIO LASCH,138.602,1738,12.54,1781,99.1,0.789,-,37652381.43,32640249.59,47102.62,
Lagoa Vermelha,4311304,lagoense,ELOIR JORGE MORONA,1272.725,27659,21.95,28622,99.3,0.738,2.89,178698602.92,170333695.15,58142.47,
Lajeado,4311403,lajeadense,GL&Aacute;UCIA SCHUMACHER,90.801,93646,1026.47,96879,95.51,0.778,6.96,740133999,679355331.98,72137.22,
Lajeado do Bugre,4311429,lajeado-bugrense,RONALDO MACHADO DA SILVA,67.947,2601,38.28,2661,99.01,0.613,-,31414267.79,27428679.78,25156.9,
Lavras do Sul,4311502,lavrense,RENAN LEAL DELABARY,2600.969,7157,2.75,7290,98.97,0.699,-,73681965.53,68221061.54,51675.97,
Liberato Salzano,4311601,salzanense,GILSON DE CARLI,245.627,4781,19.46,4845,99.4,0.685,15.87,43554824.71,38512449.45,31911.94,
Lindolfo Collor,4311627,lindolfo-collorense,GASPAR BEHNE,33.351,6248,187.34,6420,100,0.712,-,54700505.29,44848769.11,56515.46,
Linha Nova,4311643,linha-novense,GUIOMAR RAUL WINGERT,63.502,1683,26.50,1721,100,0.749,-,28499694.25,25859001.28,45249.14,
Machadinho,4311700,machadinhense,SIDINEI LOPES DE LIMA,335.344,5735,17.11,5867,100,0.692,-,55469012.36,49648594.11,45491.65,
Ma&ccedil;ambar&aacute;,4311718,ma&ccedil;ambarense,JOS&Eacute; MARIO DOS SANTOS,1682.676,4425,2.63,4485,98.53,0.684,-,51423130.36,49880045.58,83155.54,
Mampituba,4311734,mampitubense,GILBERTO LOPES ROLD&Atilde;O,156.653,3131,19.99,3203,99.06,0.649,-,36939792.41,29850471.75,32328.4,
Manoel Viana,4311759,vianense,ANTONIO FLAVIO FERNANDES BUSNELO,1365.086,6801,4.89,6915,99.55,0.655,-,59019843.09,58757444.18,44602.59,
Maquin&eacute;,4311775,maquinense,LUCIANO DE ALMEIDA ALVES,613.580,7418,12.09,7593,98.92,0.682,11.76,68871388.56,65676514.14,30836.91,
Marat&aacute;,4311791,marataense,GISELE ADRIANA SCHNEIDER,82.063,2470,30.10,2521,100,0.697,-,46589013.53,38627375,42164.68,
Marau,4311809,marauense,NAURA BORDIGNON,649.770,45124,69.45,46748,98.69,0.774,1.83,278499798.13,269953887.81,82844.93,
Marcelino Ramos,4311908,marcelinense,VANNEI MAFISSONI,229.551,4320,18.80,4382,100,0.724,-,47999419.2,42780784.31,44568.3,
Mariana Pimentel,4311981,marianense,JOEL GHISIO,338.450,3916,11.57,4005,100,0.701,-,36663446.33,32568358.75,30078.4,
Mariano Moro,4312005,marianense,VALDECIR MARIANO PINTO,98.727,1858,18.82,1884,100,0.730,-,35907497.25,34625112.03,38526.65,
Marques de Souza,4312054,marques-souzense,F&Aacute;BIO ALEX MERTZ,125.714,3969,31.57,4050,97.65,0.687,-,60126981.19,48690281.77,34642.16,
Mata,4312104,matense,SANDRO SAVEGNAGO,316.121,4698,14.86,4782,100,0.656,-,41035781.56,36594485.2,37038.24,
Mato Castelhano,4312138,mato-castelhanense,ROG&Eacute;RIO AZEREDO FRAN&Ccedil;A,238.268,2553,10.71,2611,99.02,0.727,31.25,35955853.2,31720341.02,50333.79,
Mato Leit&atilde;o,4312153,mato-leitoense,ARLY ST&Ouml;HR,46.799,4859,103.83,5001,99.22,0.746,-,52960294.89,47067206.78,60721.18,
Mato Queimado,4312179,matoqueimadense,MAURO JOS&Eacute; HARTMANN,114.653,1795,15.66,1833,97.48,0.717,47.62,30059872,26072626.63,34344.54,
Maximiliano de Almeida,4312203,almeidense,ANDR&Eacute; FERNANDO ZUCUNELLI,208.955,4191,20.11,4251,98.94,0.699,-,40120514.92,36813508.49,38096.99,
Minas do Le&atilde;o,4312252,leonense,SILVIA MARIA LASEK NUNES,424.339,7505,17.69,7661,100,0.681,-,61746327.35,51948116.26,38782.22,
Miragua&iacute;,4312302,miraguaiense,LEONIR HARTK,131.236,4427,33.73,4501,99.41,0.725,12.5,43095460.22,40789895.84,45312.25,
Montauri,4312351,montauriense,NELCIR STEFENON,82.230,1499,18.23,1530,91.76,0.764,-,30963536.48,30855329.2,49187.95,
Monte Alegre dos Campos,4312377,montealegrense,ONILTON JO&Atilde;O CAPELINI,549.455,3180,5.79,3251,100,0.650,51.28,39189202.7,35614596.48,36808.53,
Monte Belo do Sul,4312385,monte-belense,JORGE BENVENUTTI,69.726,2557,36.67,2608,100,0.752,-,35967760.38,34018416.17,49595.71,
Montenegro,4312401,montenegrino,GUSTAVO ZANATTA,425.023,64322,151.34,66352,94.34,0.755,3.68,496939028.74,460840752.69,81767.31,
Morma&ccedil;o,4312427,mormacense,ALEXANDRE ANTONIO VIEIRA,146.191,2756,18.85,2815,100,0.714,66.67,38808170.57,34384659.38,37115,
Morrinhos do Sul,4312443,morrinhense,MARCOS VENICIOS EVALDT DA SILVEIRA,166.224,3071,18.48,3133,96.89,0.711,-,40270601.81,37388054.61,33620.45,
Morro Redondo,4312450,morro-redondense,RUI VALDIR OTTO BRIZOLARA,244.645,6046,24.71,6168,99.51,0.702,-,43274685.28,35629975.31,25343.39,
Morro Reuter,4312476,morroreutense,AIRTON BOHN,87.037,6029,67.43,6167,100,0.743,-,56212308.85,51623569.84,50429.63,
Mostardas,4312500,mostardense,GILNEI JOS&Eacute; NAZARETH DE SOUZA,1977.442,12090,6.11,12347,96.02,0.664,7.46,94149399.98,84982781.15,40888.44,
Mu&ccedil;um,4312609,mu&ccedil;unense,MATEUS GIOVANONI TROJAN,111.247,4601,41.36,4692,99.26,0.746,75,75263842.13,63523333.79,59413.8,
Muitos Cap&otilde;es,4312617,caponense,LUCIANO DEBONA,1193.230,2879,2.41,2937,100,0.702,27.03,56904962.65,51102190.59,330080.63,
Muliterno,4312625,muliternense,CLEUCIR VIDI,110.969,1721,15.49,1754,100,0.689,-,29059016.62,26940083.02,41354.02,
N&atilde;o-Me-Toque,4312658,n&atilde;o-me-toquense,GILSON DOS SANTOS,361.689,17898,49.48,18335,97.85,0.765,4.41,182857585.39,166971201.51,164932.37,
Nicolau Vergueiro,4312674,nicolau-vergueirense,MARCELO FELINI,154.995,1932,12.46,1982,100,0.753,-,34055135.99,32493709.36,52703.4,
Nonoai,4312708,nonoaiense,ADRIANE PERIN DE OLIVEIRA,468.962,13719,29.25,14074,96.97,0.702,21.16,98158532.61,93339640.08,39315.84,
Nova Alvorada,4312757,nova-alvoradense,EDILSON ANTONIO ROMANINI,148.861,3163,21.25,3229,97.92,0.740,-,45812837.22,36359660.05,63845.18,
Nova Ara&ccedil;&aacute;,4312807,ara&ccedil;aense,HENRIQUE OCCHI PERETTI,75.514,4954,65.60,5098,99.65,0.785,27.52,56190699.78,40882147.38,95836.69,
Nova Bassano,4312906,bassanense,JO&Atilde;O PAULO MAROSO,211.611,9649,45.60,9867,99.31,0.747,-,79606775.52,74152734.65,79288.88,
Nova Boa Vista,4312955,boa-vistense,CLEBER BADIN,93.733,2042,21.79,2089,100,0.768,-,41010346.09,37623076.31,67476.11,
Nova Br&eacute;scia,4313003,bresciense,ANGELO ANTONIO BARBIERI,102.994,3044,29.56,3104,100,0.778,-,56390561.75,54141842.63,50582.51,
Nova Candel&aacute;ria,4313011,nova-candelariense,ARI EDMUNDO ROEHRS,97.579,3061,31.37,3138,100,0.759,-,47593487.62,40261626.22,73796.7,
Nova Esperan&ccedil;a do Sul,4313037,nova-esperancense,IVORI ANTONIO GUASSO JUNIOR,191.772,4865,25.47,4976,100,0.735,20.83,43678629.29,40706665.98,40542.21,
Nova Hartz,4313060,nova-hartense,NERI CARLOS BUENO CHICATTO,62.088,20088,322.34,20558,100,0.689,4.13,119430710.04,103822054.79,52487.16,
Nova P&aacute;dua,4313086,paduense,ITAMAR BERNARDI,102.643,2343,22.83,2389,100,0.761,-,40122106.36,33454052.08,49459.48,
Nova Palma,4313102,nova-palmense,JUCEMARA ROSSATO,314.613,5586,17.76,5676,99.2,0.744,-,54091581.59,45969819.17,54932.37,
Nova Petr&oacute;polis,4313201,nova-petropolitano,DANIEL CARLOS MICHAELSEN,290.164,23300,80.30,23934,98.44,0.780,4.17,166511056.23,162056581.93,47365.58,
Nova Prata,4313300,nova-pratense,UMBERTO LUIZ CARNEVALLI,259.941,25692,98.84,26637,96.33,0.766,9.65,197923678.55,194268219.28,60691.1,
Nova Ramada,4313334,nova-ramadense,ALZEVIR LOTARIO DE MARCHI,255.264,2163,8.47,2198,100,0.742,-,43494716.55,36324035.05,94774.16,
Nova Roma do Sul,4313359,nova-romense,ROBERTO PANAZZOLO,149.767,3466,23.14,3545,100,0.741,-,50940708.5,47534914.56,59628.86,
Nova Santa Rita,4313375,nova-santaritense,RODRIGO AMADEO BATTISTELLA,218.094,29024,133.04,30189,97.27,0.718,11.14,272297469.79,247958217.13,111265.96,
Novo Cabrais,4313391,cabraisense,LEODEGAR RODRIGUES,192.998,3568,18.49,3633,100,0.688,-,40319417.93,30210492.59,36907.08,
Novo Hamburgo,4313409,novo-hamburguense,GUSTAVO DIOGO FINCK,222.548,227646,1022.96,235802,98.84,0.747,9.99,1575297274.64,1663128249.42,52434.84,
Novo Machado,4313425,novo-machadense,VALDECI NATALINO DALLENOGARE,218.836,3198,14.61,3239,100,0.663,-,40079051.05,35748159.65,44058.47,
Novo Tiradentes,4313441,tiradentense,LUIZ CARLOS BENEDETTE,75.428,2146,28.45,2187,97.32,0.676,55.56,38265978.03,32255180.91,34181.18,
Novo Xingu,4313466,xinguense,GELCIO MARTINELLI,79.851,1646,20.61,1677,100,0.767,-,31376665.97,25311142.7,41154.7,
Novo Barreiro,4313490,novo-barreirense,MARCIA RAQUEL RODRIGUES PRESOTTO,123.344,4272,34.63,4375,100,0.706,27.78,43852793.83,38262173.91,28163.24,
Os&oacute;rio,4313508,osoriense,ROMILDO BOLZAN J&Uacute;NIOR,663.878,47396,71.39,48999,98.44,0.751,15.57,371938881.18,325155662.63,45192.63,
Paim Filho,4313607,paim-filhense,GENES JACINTO MOTERLE RIBEIRO,181.998,3629,19.93,3685,99.12,0.706,-,41595397.88,35374434.66,44841.86,
Palmares do Sul,4313656,palmarense,REGIS BAUERMANN,949.201,12844,13.53,13189,97.8,0.715,-,100131542.37,90075641.49,57603.14,
Palmeira das Miss&otilde;es,4313706,palmeirense,EVANDRO LUIS MASSING,1421.101,33216,23.37,34227,98.5,0.737,14.06,248669040.34,210098854.75,51430.76,
Palmitinho,4313805,palmitense,BENHUR DAILOR BARTH,144.181,7839,54.37,8042,98.91,0.720,22.47,55070067.35,52061494.38,33846.85,
Panambi,4313904,panambiense,GUSTAVO CAVALHEIRO,491.570,43515,88.52,45102,99.79,0.761,14.63,337750324.5,285743905.67,92180.09,
Pantano Grande,4313953,pantanense,ALCIDES EMILIO PAGANOTTO,841.225,10212,12.14,10443,95.26,0.661,-,84584303.07,79043213.2,56464.39,
Para&iacute;,4314001,paraiense,GILBERTO ZANOTTO,121.745,7194,59.09,7362,98.92,0.773,11.36,73236779.76,63001542.26,67869.88,
Para&iacute;so do Sul,4314027,paraisense,CLAITON CLEO MULLER,337.534,6519,19.31,6627,98.62,0.676,19.61,53370400.82,43396283.27,35286.74,
Pareci Novo,4314035,pareciense,LORENI CRISTINA REINHEIMER,57.485,4319,75.13,4441,94.22,0.749,-,58300936.12,48881866.5,36872.89,
Parob&eacute;,4314050,parobeense,GILBERTO MIGUEL GOMES JUNIOR,108.560,52058,478.88,53569,99.22,0.704,8.86,294356803.21,251081583.61,33154.28,
Passa Sete,4314068,passasetense,MAURICIO AFONSO RUOSO,304.299,3983,13.09,4024,99.6,0.622,-,44103965.54,35587822.99,36308.92,
Passo do Sobrado,4314076,passo-sobradense,EDGAR THIESEN,265.133,6025,22.72,6155,100,0.698,16.67,53965782.72,46396393.22,46783.6,
Passo Fundo,4314100,passo-fundense,PEDRO C&Eacute;ZAR DE ALMEIDA NETO,784.406,206215,262.89,214811,96.67,0.776,9.35,1156293673.09,1102230983.01,68227.53,
Paulo Bento,4314134,paulobentense,EVANDRO BARATTO,149.669,2144,14.32,2188,100,0.710,62.5,32587414.78,28291381.01,111267.68,
Paverama,4314159,paveramense,MICHELE CAROLINE DE VARGAS,171.863,7978,46.42,8146,98.58,0.683,-,53023068.6,49285479.66,37761.59,
Pedras Altas,4314175,pedras altense,VIVIANE MARIA AVILA DE ALBUQUERQUE,1373.985,2061,1.50,2099,98.79,0.640,41.67,49388823.67,49204432.28,83867.92,
Pedro Os&oacute;rio,4314209,pedro-osoriense,RICARDO DUARTE ALVES,603.757,7484,12.40,7631,99.39,0.678,33.33,50524097.57,42569592.82,32391.1,
Peju&ccedil;ara,4314308,peju&ccedil;arense,FLAVIANA BRANDEMBURG BASSO,414.106,3745,9.04,3817,97.34,0.741,25.64,49243455.53,46044465.55,78260.03,
Pelotas,4314407,pelotense,FERNANDO STEPHAN MARRONI,1608.780,325685,202.44,336150,98.76,0.739,11.32,1832154928.45,1758050375.25,38322.06,
Picada Caf&eacute;,4314423,picadense,DANIEL RUCKERT,84.280,5351,63.49,5473,98.94,0.758,-,52011936.88,44368397.66,73528.66,
Pinhal,4314456,pinhalense,LUIZ CARLOS PINTO RIBEIRO,68.222,2959,43.37,3039,100,0.720,-,51146289.36,42865892.45,52087.42,
Pinhal da Serra,4314464,pinhalense,JOS&Eacute; ROBISON RODRIGUES DUARTE,438.110,2248,5.13,2300,100,0.650,-,46974389.34,39677386.83,110772.2,
Pinhal Grande,4314472,pinhal-grandense,LUCAS MICHELON,478.110,3805,7.96,3861,99.23,0.678,-,59173136.51,49508430.54,131668.27,
Pinheirinho do Vale,4314498,pinheirinhense,ELTON TATTO,105.385,4540,43.08,4638,99.55,0.710,15.87,41118978.12,36375780.21,30961.71,
Pinheiro Machado,4314506,pinheirense,RONALDO COSTA MADRUGA,2249.176,11214,4.99,11395,99.48,0.661,-,84660712.8,87486751.91,31915.07,
Pinto Bandeira,4314548,pinto bandeirense,ADILSO ANTONIO SALINI,104.801,2723,25.98,2785,100,-,-,34679822.12,28371413.49,34202.82,
Pirap&oacute;,4314555,pirapoense,LAURI LUIZ SCHEEREN,281.794,2260,7.69,2255,96.47,0.669,-,33472775.2,28368202.42,31865.35,
Piratini,4314605,piratinense,MARCIO MANETTI PORTO,3538.300,17504,4.95,17770,99.13,0.658,25.64,108061697.58,108665607.89,42525.18,
Planalto,4314704,planaltense,CRISTIANO GNOATTO,228.552,10406,45.53,10624,98.8,0.687,7.75,62935899.97,58220934.08,31306.7,
Po&ccedil;o das Antas,4314753,po&ccedil;oantense,GLICERIO IVO JUNGES,67.618,2171,32.11,2224,99.32,0.744,43.48,34255125.18,33841789.42,46418.25,
Pont&atilde;o,4314779,pontanense,LUIS FERNANDO PEREIRA DA SILVA,502.709,3296,6.56,3345,99.16,0.725,-,52787285.41,45364598.16,82517.64,
Ponte Preta,4314787,ponte-pretense,JOSIEL FERNANDO GRISELI,99.504,1575,15.83,1602,100,0.725,-,37725244.38,28059951.54,49725.38,
Port&atilde;o,4314803,portanense,DELMAR HOFF,159.298,34071,213.88,35273,95.6,0.713,6.41,220666605.32,201399284.5,53320.33,
Porto Alegre,4314902,porto-alegrense,SEBASTI&Atilde;O DE ARA&Uacute;JO MELO,495.977,1332845,2690.50,1388794,96.69,0.805,8.49,10386669318.45,11520368235.01,78586.94,
Porto Lucena,4315008,porto-lucenense,IURY SOMMER ZABOLOTSKY,250.876,4360,17.38,4414,91.34,0.693,-,38490983.38,36281334.91,29580.7,
Porto Mau&aacute;,4315057,porto-mauense,CARLOS CESAR DINON,105.811,2142,20.24,2173,100,0.698,-,36220680,33768733.43,37141.41,
Porto Vera Cruz,4315073,porto-vera-cruzense,JAIME DOMINGOS TAFFAREL,114.284,1560,13.65,1582,100,0.690,-,36374482.72,29224602.47,31008.36,
Porto Xavier,4315107,porto-xavierense,GILBERTO DOMINGOS MENIN,281.497,9938,35.30,10127,100,0.723,-,75650008.82,74841134.7,23151.69,
Pouso Novo,4315131,pouso-novense,CARLOS ALBERTO BONACINA,105.338,1739,16.51,1771,100,0.715,-,37756874.63,30144219.9,33297.22,
Presidente Lucena,4315149,lucinense,LUIZ JOS&Eacute; SPANIOL,49.628,3077,62.00,3166,99.16,0.757,30.3,44302304.14,34464704.04,120810.49,
Progresso,4315156,progressense,PAULO GILBERTO SCHMITT,256.039,5340,20.86,5423,100,0.683,19.23,47260781.39,42127229.3,33993.12,
Prot&aacute;sio Alves,4315172,prot&aacute;sio-alvense,ITAMAR ANT&Ocirc;NIO GIRARDI,171.994,2025,11.77,2070,97.83,0.733,-,33521246.8,30967028.6,46102.73,
Putinga,4315206,putinguense,JULIANO MORETTO,216.159,3747,17.33,3809,98.87,0.715,-,50145271.1,45468447.47,41034.89,
Quara&iacute;,4315305,quaraiense,JEFERSON DA SILVA PIRES,3139.995,23500,7.48,23995,99.63,0.704,13.16,126625420.5,107600215.88,30640.71,
Quatro Irm&atilde;os,4315313,quatroirmanense,JO&Atilde;O PAULO BALBINOT,268.971,1552,5.77,1577,98.76,0.689,-,34446477.14,29416778.74,87965.55,
Quevedos,4315321,quevedense,TA&Iacute;S FABIANE DA MAIA FLORES ROSA,543.359,2507,4.61,2553,100,0.665,-,38370324.17,34085833.21,62326.69,
Quinze de Novembro,4315354,quinze-novembrense,MARCOS LUIS PETRI,223.072,3910,17.53,4003,98.17,0.756,-,52539999.77,45676293.4,44217.6,
Redentora,4315404,redentorense,MALBERK ANTOINE KUNST DULLIUS,303.705,9738,32.06,9931,94.31,0.631,15.38,61944329.34,57795166.23,21318.95,
Relvado,4315453,relvadense,CARLOS LUIZ FRAPORTI,108.188,1796,16.60,1826,100,0.731,-,41098321.99,34139453.71,42091.89,
Restinga S&ecirc;ca,4315503,restinguense,NORTON SOARES DA ROSA,968.620,14939,15.42,15205,99.26,0.683,7.19,117599689.68,96496724.01,43057.1,
Rio dos &Iacute;ndios,4315552,riodinhense,FLAVIO GOLIN,235.854,2835,12.02,2866,100,0.656,-,42301670.87,35727329.32,41149.89,
Rio Grande,4315602,rio-grandino,DARLENE TORRADA PEREIRA,2682.867,191900,71.53,198935,99.03,0.744,9.8,1297938688.55,1065264520.46,73510.58,
Rio Pardo,4315701,rio-pardense,ROGERIO LUIZ MONTEIRO,2051.112,34654,16.90,35641,97.82,0.693,10.93,202902971.46,175349346.69,36013.71,
Riozinho,4315750,riozinhense,AIRTON TREVIZANI DA ROSA,239.090,4473,18.71,4574,99.19,0.661,-,50465051.68,46571907.14,37060.5,
Roca Sales,4315800,roca-salense,JONES WUNSCH,208.108,10418,50.06,10646,98.68,0.729,8.85,106227247.91,95752779.22,60146.95,
Rodeio Bonito,4315909,rodeiense,PAULO DUARTE,83.278,6654,79.90,6831,98.47,0.732,-,61085335.62,51559892.43,45258.46,
Rolador,4315958,roladorense,JO&Atilde;O ALBERTO AQUINO GOMES,295.201,2291,7.76,2330,98.93,0.689,-,37528064.38,28543690.18,39897.55,
Rolante,4316006,rolantense,ALCEU TREVIZANI DA ROSA,296.090,21253,71.78,21752,92.98,0.688,14.71,156880459.86,146987756.45,44747.02,
Ronda Alta,4316105,ronda-altense,MARCOS MIGUEL BEUX,418.675,9777,23.35,9969,100,0.724,7.94,73859864.83,64953593.04,41200.33,
Rondinha,4316204,rondinhense,EZEQUIEL PASQUETTI,252.454,4991,19.77,5078,100,0.764,-,54953549.21,48731515.86,45625.31,
Roque Gonzales,4316303,roque-gonzalense,FERNANDO MATTES MACHRY,349.084,6576,18.84,6693,100,0.688,22.22,55418364.7,52491332.71,60333.5,
Ros&aacute;rio do Sul,4316402,rosariense,MARCOS PAULO SILVA DA LUZ,4343.656,36630,8.43,37674,99.15,0.699,11.99,186911564.15,184216952.02,40903.98,
Sagrada Fam&iacute;lia,4316428,sagradense,MAURO ROGERIO FERRARI GALATTO,77.889,2480,31.84,2528,100,0.678,35.71,38576453.38,35314204.93,27057.45,
Saldanha Marinho,4316436,saldanhense,VOLMAR TELLES DO AMARAL,221.554,2575,11.62,2619,98.78,0.762,-,41160196.3,38144640.14,66053.8,
Salto do Jacu&iacute;,4316451,salto-jacuiense,RONALDO OLIMPIO PEREIRA DE MORAES,507.698,10203,20.10,10357,99.18,0.687,9.35,86756033.46,80280815.71,58308.46,
Salvador das Miss&otilde;es,4316477,salvadorense,VILSON JOS&Eacute; SCHONS,95.952,2877,30.51,2955,100,0.753,28.57,41485072.88,38306284.64,56399.15,
Salvador do Sul,4316501,salvadorense,JOS&Eacute; LAERCE MORALES CEZAR,99.026,6879,69.38,7184,98.92,0.740,-,71904676.54,64138543.62,57513.58,
Sananduva,4316600,sananduvense,CLAITON EDU MONTEIRO DE AGUIAR,504.499,16399,32.51,16770,96.99,0.747,5.71,112898334.11,108146226.02,53537.23,
Santa B&aacute;rbara do Sul,4316709,santa-barbarense,LEANDRO CARAFFINI VENERAL,975.799,8122,8.32,8269,99.56,0.725,-,84609299,79738606.52,107801.14,
Santa Cec&iacute;lia do Sul,4316733,ceciliense,LEONARDO PANISSON,200.056,1674,8.37,1710,98.48,0.725,133.33,34097215.26,29661131.36,54576.52,
Santa Clara do Sul,4316758,santa-clarense,MARCIO LUIZ HAAS,86.491,6887,79.67,7079,99.55,0.740,-,57284060.89,57989185.07,62108.88,
Santa Cruz do Sul,4316808,santa-cruzense,SERGIO IVAN MORAES,734.516,133230,181.54,138270,99.6,0.773,7.49,927318285.12,905099248.03,100540.49,
Santa Maria,4316907,santa-mariense,RODRIGO DECIMO,1780.194,271735,152.64,282395,98.64,0.784,11.34,1259268128.42,1480850940.98,40230.46,
Santa Maria do Herval,4316956,hervalense,GILNEI CAPELETTI,140.437,6340,45.14,6486,99.45,0.676,-,49979075.43,44208235.96,42823.51,
Santa Margarida do Sul,4316972,margaridense,LUIZ FELIPE BRENNER MACHADO,955.299,2596,2.72,2661,100,0.663,-,40767246.54,33379188.65,107207.28,
Santana da Boa Vista,4317004,santanense-da-boa-vista,GARLENO ALVES DA SILVA,1418.805,7024,4.95,7128,99.21,0.633,20,59199397.89,50478245.37,33831.05,
Sant'Ana do Livramento,4317103,santanense,ANA LUIZA MOURA TAROUCO,6946.407,84421,12.15,87329,97.84,0.727,12.83,470675762.84,483698952.79,37237.35,
Santa Rosa,4317202,santa-rosense,ANDERSON MANTEI,489.380,76963,157.27,79488,99.47,0.769,6.86,617390266.98,595157628.44,58864.08,
Santa Tereza,4317251,santa-terezense,GISELE CAUMO,73.669,1505,20.43,1529,100,0.746,-,50172060.57,39177782.2,35708.89,
Santa Vit&oacute;ria do Palmar,4317301,vitoriense,ANDR&Eacute; SELAYARAN NICOLETTI,5206.977,30983,5.95,31965,96.44,0.712,6.73,243455983.23,223459410.14,64252.62,
Santiago,4317400,santiaguense,MARCELO GORSKI DE MATOS,2413.419,48938,20.27,50336,99.36,0.766,11.72,266301057.47,264488965.97,38041.83,
Santo &Acirc;ngelo,4317509,santo-angelense ou angelopolitano,NIVIO BOELTER BRAZ,678.502,76917,113.22,79146,99.26,0.772,9.09,402540036.75,424888139.6,43941.11,
Santo Ant&ocirc;nio do Palma,4317558,palmense,GILBERTO SZIMAINSKI,126.094,2091,16.58,2134,100,0.764,-,42502046.8,44803835.79,53766.03,
Santo Ant&ocirc;nio da Patrulha,4317608,patrulhense,RODRIGO GOMES MASSULO,1049.583,42947,40.92,44431,98.61,0.717,13.48,251343732.74,231654265.78,50733.01,
Santo Ant&ocirc;nio das Miss&otilde;es,4317707,santo-antoniense,FELISBERTO DOS SANTOS FERREIRA,1710.466,10300,6.02,10485,99.08,0.686,-,88093810.57,93757268.7,42070.15,
Santo Ant&ocirc;nio do Planalto,4317756,santo-antoniense,VILSON ALTMANN,203.440,2089,10.27,2138,100,0.759,62.5,39509837.57,33432349.2,79773.73,
Santo Augusto,4317806,santo-augustense,LILIAN FONTOURA DEPIERE,467.775,13902,29.72,14196,99.28,0.739,25.81,106943378.89,94162160.83,52398.97,
Santo Cristo,4317905,santo-cristense,CHARLES THIELE,367.202,15320,41.72,15667,99.33,0.738,-,108786782.66,110396114.91,50040.22,
Santo Expedito do Sul,4317954,expeditense,VANTUIR DUTRA,125.334,2349,18.70,2395,100,0.732,-,30736427.81,25611595.34,44928.64,
S&atilde;o Borja,4318002,s&atilde;o borjense,JOS&Eacute; LUIZ RODRIGUES MACHADO,3616.674,59676,16.50,61311,99.41,0.736,8.36,390357052.86,371853084.2,42737.25,
S&atilde;o Domingos do Sul,4318051,s&atilde;o-dominguense,JONAS TIBOLA,78.670,2754,35.01,2806,97.2,0.763,-,33320072.94,29737067.51,47409.04,
S&atilde;o Francisco de Assis,4318101,assisense,RUBEMAR PAULINHO SALBEGO,2534.789,17618,7.03,17934,99.39,0.675,-,118889212.11,111568686.07,33634.32,
S&atilde;o Francisco de Paula,4318200,serrano,THIAGO CARNIEL TEIXEIRA,3317.794,21893,6.60,22388,98.38,0.685,11.67,174133082.92,147775839.64,54907.12,
S&atilde;o Gabriel,4318309,gabrielense,LUCAS GON&Ccedil;ALVES MENEZES,5053.460,58487,11.57,60090,98.37,0.699,14.06,339766982.91,294245748.32,45872.18,
S&atilde;o Jer&ocirc;nimo,4318408,jeronimense,J&Uacute;LIO CESAR PRATES CUNHA,935.596,21028,22.48,21412,99.32,0.696,8.85,123467553.67,113709616.3,33872.85,
S&atilde;o Jo&atilde;o da Urtiga,4318424,urtiguense,CEZAR OLIMPIO ZANDONA,171.504,4461,26.08,4547,100,0.694,-,42305607.31,36016870.67,44443.23,
S&atilde;o Jo&atilde;o do Pol&ecirc;sine,4318432,polesinense,JAQUELINE MARIA SCHMITZ MILANESI,78.320,2649,33.82,2708,98.96,0.748,-,41036627.33,31820624.99,44534.87,
S&atilde;o Jorge,4318440,s&atilde;o-jorgense,DANILO SALVALAGGIO,125.731,2912,23.18,2976,98.64,0.732,-,35609651.45,31589193.72,38857.73,
S&atilde;o Jos&eacute; das Miss&otilde;es,4318457,s&atilde;o-josezense,GILMAR WEBER TOLFO,98.125,2362,24.07,2399,98.47,0.651,-,33115729.22,30218607.21,32295.3,
S&atilde;o Jos&eacute; do Herval,4318465,hervalense,JOVANI BOZETTI,102.912,1902,18.48,1931,100,0.717,-,36805326.84,34711561.67,29281.8,
S&atilde;o Jos&eacute; do Hort&ecirc;ncio,4318481,hortenciense,ESTER ELISA DILL KOCH,63.709,4447,69.80,4555,100,0.707,26.32,45204284.73,37409276.28,33538.58,
S&atilde;o Jos&eacute; do Inhacor&aacute;,4318499,inhacoraense,ADEMIR JOS&Eacute; SCHNEIDER,77.732,2406,30.95,2466,100,0.747,38.46,40153216.43,32615765.28,88984.64,
S&atilde;o Jos&eacute; do Norte,4318507,nortense,NEROMAR DE ARAUJO GUIMAR&Atilde;ES,1072.338,25443,23.74,26248,99.67,0.623,7.69,160957418.32,141545485.22,50051.63,
S&atilde;o Jos&eacute; do Ouro,4318606,ourense,VILMAR DE BIASI,335.215,6834,20.38,6978,99.75,0.755,-,48950811.06,41598685.77,62370.16,
S&atilde;o Jos&eacute; do Sul,4318614,s&atilde;o josense do sul,JULIANE MARIA BENDER,54.764,2380,43.46,2443,78.62,0.725,-,36443590.03,33807172.45,46854.47,
S&atilde;o Jos&eacute; dos Ausentes,4318622,ausentino,JOS&Eacute; CARLOS PEREIRA BECKER,1173.907,4172,3.55,4295,97.38,0.663,-,58076143.75,52639244.58,42468.17,
S&atilde;o Leopoldo,4318705,leopoldense,HELIOMAR ATHAYDES FRANCO,103.009,217409,2110.58,225737,95.63,0.739,13.84,1762847782.47,1663440860.53,54003.8,
S&atilde;o Louren&ccedil;o do Sul,4318804,lourenciano,ZELMUTE OLIVEIRA PERES MARTEN,2039.257,41989,20.62,43278,99.71,0.687,12.25,277257162.06,235152818.5,40953.48,
S&atilde;o Luiz Gonzaga,4318903,s&atilde;o-luizense,JOS&Eacute; ANT&Ocirc;NIO FLACH WERLE,1296.773,34752,26.82,35865,99.24,0.741,16.39,211234164.3,209212524.53,49291.83,
S&atilde;o Marcos,4319000,s&atilde;o-marquense,VOLMIR NAZARENO RECH,256.159,21084,82.31,21549,98.64,0.768,10.53,164811961.2,148088983.44,70610.77,
S&atilde;o Martinho,4319109,s&atilde;o-martinhense,JEANCARLO HUNHOFF,171.245,5481,32.01,5587,100,0.726,14.49,55586640.24,50207616.21,55635.65,
S&atilde;o Martinho da Serra,4319125,martinhense,ROBSON FLORES DA TRINDADE,669.547,2860,4.27,2908,100,0.652,-,41792887.88,32081394.36,73849.59,
S&atilde;o Miguel das Miss&otilde;es,4319158,miguelino,LUIZ RODRIGO RIBAS,1228.910,7056,5.74,7193,98.67,0.667,19.8,72526927.71,63245196.66,73296.83,
S&atilde;o Nicolau,4319208,s&atilde;o-nicolauense,RAFAEL GODOIS DA SILVA,497.446,5118,10.54,5243,98.99,0.645,16.39,44200868.66,46448626.91,34925.55,
S&atilde;o Paulo das Miss&otilde;es,4319307,paulista-das-miss&otilde;es,OBERDAN LUIS RHODEN,222.504,5846,26.10,5943,99.43,0.692,-,50441715.89,49087552.62,36726.43,
S&atilde;o Pedro da Serra,4319356,s&atilde;o-pedrense,LUIZ AUGUSTO HARTMANN,37.631,3548,100.78,3618,100,0.739,-,43742164.19,35268064.47,34569.02,
S&atilde;o Pedro das Miss&otilde;es,4319364,s&atilde;o pedrense,RAFAEL FUMAGALLI E SILVA,79.894,1757,21.99,1790,100,0.664,34.48,28610994.65,24915933.15,41497.43,
S&atilde;o Pedro do Buti&aacute;,4319372,s&atilde;o-butiaiense,NARCISO LUIS LENZ,107.394,3070,28.54,3142,100,0.763,31.25,40527327.59,36971369.86,45434.93,
S&atilde;o Pedro do Sul,4319406,s&atilde;o-pedrense,FERNANDO PILAR CEZAR,873.394,15577,17.84,15863,99.84,0.709,13.25,96186982.18,92639075.63,32471.16,
S&atilde;o Sebasti&atilde;o do Ca&iacute;,4319505,caiense,JO&Atilde;O MARCOS DUARTE GUAR&Aacute;,113.097,24428,213.73,24898,96.06,0.739,11.54,178371046.62,164385548.17,45995.08,
S&atilde;o Sep&eacute;,4319604,sepense,MARCELO FARIA ELLWANGER,2204.779,21219,9.62,21551,94.51,0.708,4.76,151236847.69,154686614.91,49932.09,
S&atilde;o Valentim,4319703,valentinense,ALBERTINHO DASSOLER,154.450,3264,21.13,3320,99.11,0.720,-,37808622.98,35085108.45,38259.16,
S&atilde;o Valentim do Sul,4319711,s&atilde;o-valentinense,MOISES CAVANUS,91.898,2207,24.02,2255,97.84,0.764,-,36498283.53,34868445.87,38448.9,
S&atilde;o Val&eacute;rio do Sul,4319737,s&atilde;o-valerense,CLOVIS TABORDA PADILHA,107.402,2543,23.68,2593,93.58,0.642,27.03,33724015.37,30196647.57,26677.39,
S&atilde;o Vendelino,4319752,s&atilde;o-vendelinense,REGIS PAULO FRITZEN,31.899,2251,70.49,2309,100,0.754,-,56540521.7,52590093.41,46784.09,
S&atilde;o Vicente do Sul,4319802,vicentino,FERNANDO DA ROSA PAHIM,1174.225,8097,6.89,8257,100,0.685,11.36,74818305.75,63571653.95,58032.06,
Sapiranga,4319901,sapiranguense,CARINA PATR&Iacute;CIA NATH CORREA,137.759,75648,554.31,77935,99.45,0.711,5.72,483908094.51,401769674.88,61786.88,
Sapucaia do Sul,4320008,sapucaiense,VOLMIR RODRIGUES,58.247,132107,2268.05,136572,98.32,0.726,9.33,737735345.18,610198748,35799.83,
Sarandi,4320107,sarandiense,PABLO LUIZ ALIEVI MARI,351.718,22851,64.97,23374,96.67,0.777,5.76,165822338.15,157561592.37,62476.94,
Seberi,4320206,seberiense,ADILSON ADAM BALESTRIN,301.032,11950,39.72,12325,99.28,0.723,5.32,94622732.45,85054633.13,69246.5,
Sede Nova,4320230,sede-novense,PEDRO AMAURI WERNER,119.312,2704,22.66,2750,99.34,0.712,41.67,44837344.6,44645737.91,45338.29,
Segredo,4320263,segredense,CLAUDIO ANTONIO TREVISAN,245.170,6009,24.51,6098,100,0.659,14.71,49473067.63,45376893.39,30235.64,
Selbach,4320305,selbaquense,MICHAEL KUHN,176.470,5107,28.94,5222,100,0.777,20.83,54555835.32,39653158.84,56160.1,
Senador Salgado Filho,4320321,salgadofilhense,HUGO JONAS NESKE,147.097,2673,18.18,2725,100,0.693,-,33236096.96,31189901.04,34939.55,
Sentinela do Sul,4320354,sentinelense,JULIO CESAR CARVALHO,282.130,5306,18.81,5424,98.14,0.671,-,39434044.05,32521288.56,33904.52,
Serafina Corr&ecirc;a,4320404,serafinense,DANIEL MORANDI,163.310,16961,103.86,17407,99.5,0.760,4.65,152214467.31,131638834.62,58281.73,
S&eacute;rio,4320453,seriense,SIDINEI MOISES DE FREITAS,105.428,1941,19.78,2089,98.82,0.652,-,32696661.1,31093888.1,36233.21,
Sert&atilde;o,4320503,sertanense,HOMERO FOCHESATTO,440.631,5541,12.58,5630,98.73,0.751,15.63,58849711.3,50883356.06,70296.69,
Sert&atilde;o Santana,4320552,sertanense,RENATO AD&Atilde;O BURCHERT,252.013,5863,23.26,5989,94.65,0.689,-,49526629.72,39226796.85,58770.38,
Sete de Setembro,4320578,setembrense,NELSON PALINSKI,131.660,1830,14.16,1881,100,0.683,-,33166915.47,27342310.25,42178.05,
Severiano de Almeida,4320602,severianense,JAIR KAMMLER,167.598,3406,20.32,3463,100,0.752,-,50206410.47,41732353.86,41812.24,
Silveira Martins,4320651,sillveirense,SADI TOLFO,119.285,2028,17.00,2056,100,0.742,-,37168907.48,34278375.76,35603.6,
Sinimbu,4320677,sinimbuense,WILSON MOLZ,509.778,8578,16.81,8685,100,0.631,14.08,72744641.86,62665217.35,29013.34,
Sobradinho,4320701,sobradinhense,LUIZ AFFONSO TREVISAN,128.823,14226,110.43,14512,98,0.743,25.81,98222280.62,104810806.28,36780.55,
Soledade,4320800,soledadense,PAULO RICARDO CATTANEO,1215.056,29991,24.68,30939,99.37,0.731,10.53,175566629.94,164502478.85,43774.55,
Taba&iacute;,4320859,tabaiense,ANDERSON DE AZEVEDO VARGAS,94.754,4461,47.08,4569,99.46,0.701,-,41661426.44,31761693.75,39510.08,
Tapejara,4320909,tapejarense,EVANIR WOLFF,238.082,24557,103.15,25256,99.07,0.760,8.09,173560024.21,162663480.31,76169.6,
Tapera,4321006,taperense,OSVALDO HENRICH FILHO,179.935,10592,58.87,10824,97.65,0.747,-,79861796.41,70327652.45,55150.03,
Tapes,4321105,tapense,LUIZ CARLOS COUTINHO GARCEZ,805.452,14695,18.24,14920,99.45,0.695,13.42,107442051,95848352.86,43150.07,
Taquara,4321204,taquarense,SIRLEI TERESINHA BERNARDES DA SILVEIRA,450.195,53242,117.64,54353,99.55,0.727,8.47,298172359.22,289285225.56,34105.46,
Taquari,4321303,taquariense,ANDRE LUIS BARCELLOS BRITO,349.967,25198,72.00,25963,98.03,0.733,7.58,165074179.34,137827580.45,44596.6,
Taquaru&ccedil;u do Sul,4321329,taquara&ccedil;usense,LUIZ BLANCO ALVES,76.917,3119,40.55,3192,98.58,0.739,-,40788881.03,35147774.37,60383.86,
Tavares,4321352,tavarense,GILMAR FERREIRA DE LEMOS,610.107,5212,8.54,5319,98.7,0.656,15.15,43538709.3,37246963.68,26079.1,
Tenente Portela,4321402,portelense,ROSEMAR ANTONIO SALA,337.495,14497,42.95,14820,98.09,0.708,8.55,99371405.04,91520772.34,42416.61,
Terra de Areia,4321436,terrareense,OSVALDO DE MATTOS SOBRINHO,142.304,10334,72.62,10575,98.39,0.689,-,80847930.11,77469564.79,33149.81,
Teut&ocirc;nia,4321451,teutoniense,RENATO AIRTON ALTMANN,175.874,32797,184.47,34023,98.71,0.747,15.98,238736557.67,208353290.68,61083.35,
Tio Hugo,4321469,tio-huguense,VALDUZE BACK VOLLMER,113.944,3267,28.67,3358,100,0.742,-,38963795.7,36341529.68,53124.85,
Tiradentes do Sul,4321477,tiradentense,ELTON LUIS PILGER,236.653,5129,21.67,5188,100,0.689,-,42981695.82,36848428.38,31775.25,
Toropi,4321493,toropiense,VANDIR OESTERREICH,198.316,2554,12.88,2594,100,0.683,-,32703011.72,28460253.99,32225.47,
Torres,4321501,torrense,DELCI BEHENCK DIMER,161.630,41751,258.32,43344,99.11,0.762,12.02,351397596.95,313904257.29,43963.72,
Tramanda&iacute;,4321600,tramandaiense,JUAREZ MARQUES DA SILVA,142.878,54387,380.65,56430,98.89,0.719,12.61,374130930.57,358513141.42,29046.01,
Travesseiro,4321626,travesseirense,GILMAR LUIZ SOUTHIER,80.681,2152,26.67,2192,100,0.701,-,38476189.39,34843118.38,39999,
Tr&ecirc;s Arroios,4321634,tr&ecirc;s-arroiense,CARLOS FLORENCIO BURILLE,148.601,2591,17.44,2636,100,0.791,-,46671429.43,41845287.34,51829.66,
Tr&ecirc;s Cachoeiras,4321667,tr&ecirc;s cachoeirense,FABIANA RAUPP VALIM LEFFA,251.483,10962,43.59,11224,98.85,0.718,15.38,73991905.02,71605440.48,34006.87,
Tr&ecirc;s Coroas,4321709,tr&ecirc;s-coroense,FABIEL CRISTOV&Atilde;O PORT,168.124,24425,147.78,24428,99.14,0.710,17.32,184008213.1,147085877.57,43732.17,
Tr&ecirc;s de Maio,4321808,tr&ecirc;s-maiense,MARCOS VINICIUS BENEDETTI CORSO,421.461,24916,59.12,25466,98.66,0.759,9.93,176742758.22,171863591.09,61208.96,
Tr&ecirc;s Forquilhas,4321832,forquilhense,LORACI KLIPPEL MELO GERMANN,217.386,2760,12.70,2813,99.27,0.662,35.71,39633476.57,34734716.82,28694.49,
Tr&ecirc;s Palmeiras,4321857,tr&ecirc;s-palmeirense,SILVANIO ANTONIO DIAS,180.599,4716,26.11,4829,99.46,0.703,13.33,53328006.68,47354969.72,35178.23,
Tr&ecirc;s Passos,4321907,tr&ecirc;s-passense,ARLEI LUIS TOMAZONI,268.902,25436,94.59,26304,99.25,0.768,9.35,173383009.03,159969850.74,48279.28,
Trindade do Sul,4321956,trindadense,ODAIR ADILIO PELICIOLI,268.417,7556,28.15,7785,99.32,0.687,21.51,64916210.96,61395929.39,53405.36,
Triunfo,4322004,triunfense,MARCELO ESSVEIN,817.807,27498,33.63,28435,98.76,0.733,6.9,428157956.7,384136485.38,275341.31,
Tucunduva,4322103,tucunduvense,JONAS FERNANDO HAUSCHILD,181.198,5542,30.59,5646,86.26,0.747,28.57,46340659.07,47072422,41711.02,
Tunas,4322152,tunense,PAULO HENRIQUE REUTER,217.302,3681,16.94,3732,100,0.657,27.78,38667006.2,33299865.13,25604.56,
Tupanci do Sul,4322186,tupanciense,FERNANDO LUIS FAVRETTO,135.664,1374,10.16,1396,100,0.694,-,28521828.25,25027961.54,58077.29,
Tupanciret&atilde;,4322202,tupanciretanense,GUSTAVO HERTER TERRA,2253.234,20005,8.88,20324,96.49,0.709,-,174469569.11,137002957.63,63746.76,
Tupandi,4322251,tupandiense,PAULINHO LUDWIG,59.406,5029,84.60,5172,98.8,0.718,18.18,72251313.26,60906863.83,120151.94,
Tuparendi,4322301,tuparendiense,J&Uacute;LIO C&Eacute;SAR MATTIAZZI,307.710,8363,27.18,8535,99.31,0.728,-,59951907.84,50263615.97,44841.03,
Turu&ccedil;u,4322327,turu&ccedil;uense,IVAN EDUARDO SCHERDIEN,253.635,3419,13.48,3488,100,0.629,-,39664531.91,34264178.16,47185.14,
Ubiretama,4322343,ubiretamense,RODRIGO DANIEL BLOCH,125.876,1994,15.84,2025,100,0.700,-,33346716.69,30847008.82,36873.63,
Uni&atilde;o da Serra,4322350,uni&atilde;o-serrense,CLEONIR ANEIMAR TAUFFER,131.154,1170,8.92,1183,100,0.733,-,29466785.93,27168274.92,54968.08,
Unistalda,4322376,unistaldense,JOSE GILNEI MANARA MANZONI,602.260,1995,3.31,2047,100,0.649,-,31976317.17,20962451.69,35608.02,
Uruguaiana,4322400,uruguaianense,CARLOS ALBERTO DELGADO DE DAVID,5702.098,117210,20.56,120819,98.01,0.744,8.37,548625092.33,452124545.83,33406.32,
Vacaria,4322509,vacariense,ANDR&Eacute; LUIZ ROKOSKI,2124.492,64197,30.22,66146,97.19,0.721,15.49,407000370.85,382249147.22,57655.85,
Vale Verde,4322525,valeverdense,RICARDO FROEMMING,329.727,3150,9.55,3213,97.55,0.646,-,44361377.05,37558135.35,49796.88,
Vale do Sol,4322533,vale-solense,JOS&Eacute; VALTAIR DOS SANTOS,329.389,9897,30.15,10069,100,0.624,-,67588847.91,56190354.58,38425.44,
Vale Real,4322541,vale-realense,MARCELO ANTONIO BETTEGA,45.085,6058,134.37,6223,100,0.737,28.57,51791311.55,48485755.83,49206.2,
Vanini,4322558,vaninense,ERENEU JOSE BOGONI,64.905,2004,30.88,2047,100,0.757,-,33589966.01,30298027.73,40780.39,
Ven&acirc;ncio Aires,4322608,ven&acirc;ncio-airense,JARBAS DANIEL DA ROSA,772.701,68763,89.00,70842,99.62,0.712,13.87,482071499.52,429823393.48,68105.43,
Vera Cruz,4322707,vera-cruzense,GILSON ADRIANO BECKER,309.994,26710,86.27,27670,96.64,0.737,7.27,181913092.08,159184770.77,42177.75,
Veran&oacute;polis,4322806,veranense,CRISTIANO VALDUGA DAL PAI,289.397,24021,83.00,24554,90.74,0.773,7.97,216801955.66,197326530.42,99721.8,
Vespasiano Corr&ecirc;a,4322855,vespasianense,TIAGO MANOEL FERREIRA MICHELON,113.622,1818,16.00,1851,98.98,0.723,-,38503246.34,35692912,57397.31,
Viadutos,4322905,viadutense,GIOVAN ANDR&Eacute; SPEROTTO,266.670,4769,17.79,4847,100,0.702,-,46865217.83,37875873.75,40122.4,
Viam&atilde;o,4323002,viamonense,RAFAEL BORTOLETTI DALLA NORA,1496.019,224112,149.76,231996,97.59,0.717,13.44,895016326.88,853696310.78,24741.59,
Vicente Dutra,4323101,dutrense,TOMAZ DE AQUINO ROSSATO,193.023,4665,24.17,4741,99.49,0.638,-,38102173.71,34932040.8,31696.42,
Victor Graeff,4323200,victorense,LAIRTON ANDRE KOECHE,238.133,2780,11.67,2829,100,0.777,-,47802001.55,41400945.38,84803.43,
Vila Flores,4323309,vila-florense,EVANDRO ANT&Ocirc;NIO BRANDALISE,107.703,3646,33.85,3741,97.97,0.742,-,54360027.25,47992852.8,103321.16,
Vila L&acirc;ngaro,4323358,vila-langarense,ANILDO COSTELLA,151.673,2079,13.71,2121,100,0.705,-,43598679.95,31430518.68,74685.33,
Vila Maria,4323408,vila-mariense,ADROALDO SEBEN,181.061,4413,24.37,4515,98.34,0.761,20,57957106.32,56145163.01,89190.93,
Vila Nova do Sul,4323457,vilanovense,JOS&Eacute; LUIZ CAMARGO DE MOURA,508.278,3863,7.60,3932,97.57,0.662,37.04,42727810.69,37471222.39,56302.82,
Vista Alegre,4323507,vista-alegrense,RUDINEI BRIDI,77.656,2660,34.27,2710,100,0.739,-,35869324.69,30953027.66,51573.3,
Vista Alegre do Prata,4323606,vista-alegrense,ROBERTO DONIN,119.327,1590,13.32,1624,100,0.780,83.33,35024520.35,30589076.4,48029.48,
Vista Ga&uacute;cha,4323705,vista-gauchense,CLAUDEMIR JOSE LOCATELLI,90.022,2783,30.91,2843,100,0.757,-,43236099.14,36303857.45,33868.38,
Vit&oacute;ria das Miss&otilde;es,4323754,vitoriano,CORN&Eacute;LIO LUIS GRIMM,258.454,3260,12.62,3316,100,0.655,-,41038340.32,31937387.74,27372.91,
Westf&aacute;lia,4323770,westfaliano,CESAR JULIANO BLOEMKER,66.875,3098,48.66,3223,99.68,0.752,-,51937115.35,45012515.82,75751.52,
Xangri-l&aacute;,4323804,xangri-laense,CELSO BASSANI BARBOSA,60.756,16463,270.97,16949,98.66,0.735,10.15,332366639.51,331501723.88,55561.2,

<table class="fontes-container"><tr><th>Notas:</th></tr><tr><td>Escolariza&ccedil;&atilde;o <span>6 a 14 anos</span>: [população residente no município de 6 a 14 anos de idade matriculada no ensino regular/total de população residente no município de 6 a 14 anos de idade] x 100</td></tr><tr><th>Fontes:</th></tr><tr><td>Área Territorial: Área territorial brasileira 2022. Rio de Janeiro: IBGE, 2023</td></tr><tr><td>Popula&ccedil;&atilde;o no &uacute;ltimo censo: Censo 2022: População e Domicílios - Primeiros Resultados - Atualizado em 22/12/2023</td></tr><tr><td>Densidade demogr&aacute;fica: Censo 2022: População e Domicílios - Primeiros Resultados - Atualizado em 22/12/2023</td></tr><tr><td>Popula&ccedil;&atilde;o estimada: IBGE, Diretoria de Pesquisas, Coordenação de População e Indicadores Sociais, Estimativas da população residente com data de referência 1o de julho de 2024</td></tr><tr><td>Escolariza&ccedil;&atilde;o <span>6 a 14 anos</span>: IBGE, Censo Demográfico 2010</td></tr><tr><td>IDHM <span>&Iacute;ndice de desenvolvimento humano municipal</span>: Programa das Nações Unidas para o Desenvolvimento - PNUD</td></tr><tr><td>Mortalidade infantil: Ministério da Saúde, Departamento de Informática do Sistema Único de Saúde - DATASUS 2022</td></tr><tr><td>Total de receitas brutas realizadas: Siconfi: Sistema de Informações Contábeis e Fiscais do Setor Público Brasileiro. Brasília, DF, [2023]. Disponível em: https://siconfi.tesouro.gov.br/siconfi/pages/public/consulta_finbra/finbra_list.jsf. Acesso em: jun. 2024, Contas anuais. Receitas orçamentárias realizadas (Anexo I-C) 2023 e Despesas orçamentárias empenhadas (Anexo I-D) 2023. In: Brasil. Secretaria do Tesouro Nacional</td></tr><tr><td>Total de despesas brutas empenhadas: Siconfi: Sistema de Informações Contábeis e Fiscais do Setor Público Brasileiro. Brasília, DF, [2023]. Disponível em: https://siconfi.tesouro.gov.br/siconfi/pages/public/consulta_finbra/finbra_list.jsf. Acesso em: jun. 2024, Contas anuais. Receitas orçamentárias realizadas (Anexo I-C) 2023 e Despesas orçamentárias empenhadas (Anexo I-D) 2023. In: Brasil. Secretaria do Tesouro Nacional</td></tr><tr><td>PIB per capita: IBGE, em parceria com os Órgãos Estaduais de Estatística, Secretarias Estaduais de Governo e Superintendência da Zona Franca de Manaus - SUFRAMA</td></tr></table>